peak.relative.intensity	compound.id	ms.level	ms.mode	peak.mztheo	peak.comp	peak.attr	chrom.col.name	chrom.rt	formula	molecular.mass	name	chrom.rt.unit	accession
50	T1078	1	pos	436.259638	U1713P92ZW438 Na O7 18O	[(2M+Na)]+ (13C) (18O)	colpp	2.47	J119L9M6O4	205.13141	Canapenol	min	T1078.pos.colpp.2.47
50	T1078	1	pos	206.138685	P9Z9W420 O4	[(M+H)]+	colpp	2.47	J119L9M6O4	205.13141	Canapenol	min	T1078.pos.colpp.2.47
50	T1078	1	pos	204.123035	P9Z9W418 O4	[(M+H)-(H2)]+	colpp	2.47	J119L9M6O4	205.13141	Canapenol	min	T1078.pos.colpp.2.47
50	T1078	1	pos	77.079045	U213P9ZW410 O	[(M+H)-(C6H10O3)]+ (13C)	colpp	2.47	J119L9M6O4	205.13141	Canapenol	min	T1078.pos.colpp.2.47
50	T1078	1	pos	207.13572	P90Z9W420 15N O4	[(M+H)]+ (15N)	colpp	2.47	J119L9M6O4	205.13141	Canapenol	min	T1078.pos.colpp.2.47
50	T1078	1	pos	170.117555	P9Z9W416 O2	[(M+H)-2(H2O)]+	colpp	2.47	J119L9M6O4	205.13141	Canapenol	min	T1078.pos.colpp.2.47
50	T1078	1	pos	208.142929	P9Z9W420 O3 18O	[(M+H)]+ (18O)	colpp	2.47	J119L9M6O4	205.13141	Canapenol	min	T1078.pos.colpp.2.47
50	T1078	1	pos	230.124874	P9Z9W419 Na O3 18O	[(M+Na)]+ (18O)	colpp	2.47	J119L9M6O4	205.13141	Canapenol	min	T1078.pos.colpp.2.47
50	T1078	1	pos	434.255394	U1713P92ZW438 Na O8	[(2M+Na)]+ (13C)	colpp	2.47	J119L9M6O4	205.13141	Canapenol	min	T1078.pos.colpp.2.47